"skill_code","skill_name","skill_group","description","origin","introduced_in","deprecated_in","aliases","taxonomy_version","text_pattern","text_pattern_flags","core_text_extension","undefined_concept","count","denominator","percentage","job_ids","snapshot_id"
"PY","Python","Programming","Meaning preserved from report: Python.","report taxonomy","2026-Q4","","Python","1.0","\bPython\b","i","false","false","43","87","49.42528735632184","2026-Q4:F01; 2026-Q4:F02; 2026-Q4:F03; 2026-Q4:F04; 2026-Q4:F05; 2026-Q4:F06; 2026-Q4:F13; 2026-Q4:F18; 2026-Q4:F19; 2026-Q4:F20; 2026-Q4:F23; 2026-Q4:F24; 2026-Q4:F25; 2026-Q4:F26; 2026-Q4:F27; 2026-Q4:F28; 2026-Q4:F29; 2026-Q4:E01; 2026-Q4:E08; 2026-Q4:E09; 2026-Q4:E10; 2026-Q4:E11; 2026-Q4:E12; 2026-Q4:E14; 2026-Q4:E15; 2026-Q4:E16; 2026-Q4:E17; 2026-Q4:E22; 2026-Q4:E23; 2026-Q4:E24; 2026-Q4:U01; 2026-Q4:U02; 2026-Q4:U05; 2026-Q4:U06; 2026-Q4:U12; 2026-Q4:U13; 2026-Q4:U14; 2026-Q4:U15; 2026-Q4:U17; 2026-Q4:U21; 2026-Q4:U22; 2026-Q4:U24; 2026-Q4:U25","2026-Q4"
"AWS","AWS","Cloud","Meaning preserved from report: AWS.","report taxonomy","2026-Q4","","AWS","1.0","\bAWS\b","i","false","false","21","87","24.137931034482758","2026-Q4:F01; 2026-Q4:F02; 2026-Q4:F03; 2026-Q4:F04; 2026-Q4:F05; 2026-Q4:F06; 2026-Q4:F11; 2026-Q4:F13; 2026-Q4:F18; 2026-Q4:F19; 2026-Q4:F20; 2026-Q4:F22; 2026-Q4:F23; 2026-Q4:F24; 2026-Q4:F26; 2026-Q4:E05; 2026-Q4:E16; 2026-Q4:U04; 2026-Q4:U05; 2026-Q4:U19; 2026-Q4:U25","2026-Q4"
"CLOUD","Generic cloud (explicit text)","Cloud","Explicit text only; explicit-text extension.","explicit-text extension","2026-Q4","","Generic cloud (explicit text)","1.0","cloud","i","true","false","19","87","21.839080459770116","2026-Q4:F01; 2026-Q4:F02; 2026-Q4:F03; 2026-Q4:F04; 2026-Q4:F05; 2026-Q4:F11; 2026-Q4:F13; 2026-Q4:F19; 2026-Q4:F20; 2026-Q4:F24; 2026-Q4:F25; 2026-Q4:E03; 2026-Q4:E18; 2026-Q4:E21; 2026-Q4:E23; 2026-Q4:U05; 2026-Q4:U19; 2026-Q4:U21; 2026-Q4:U23","2026-Q4"
"AZ","Azure","Cloud","Meaning preserved from report: Azure.","report taxonomy","2026-Q4","","Azure","1.0","\bAzure\b","i","false","false","15","87","17.24137931034483","2026-Q4:F01; 2026-Q4:F02; 2026-Q4:F03; 2026-Q4:F04; 2026-Q4:F11; 2026-Q4:F13; 2026-Q4:F18; 2026-Q4:F19; 2026-Q4:F20; 2026-Q4:F22; 2026-Q4:F23; 2026-Q4:F24; 2026-Q4:F27; 2026-Q4:F29; 2026-Q4:U19","2026-Q4"
"CICD","CI/CD","Deployment & Infrastructure","Meaning preserved from report: CI/CD.","report taxonomy","2026-Q4","","CI/CD","1.0","CI\/CD","i","false","false","15","87","17.24137931034483","2026-Q4:F02; 2026-Q4:F04; 2026-Q4:F13; 2026-Q4:F18; 2026-Q4:F20; 2026-Q4:F23; 2026-Q4:F24; 2026-Q4:F26; 2026-Q4:F27; 2026-Q4:F29; 2026-Q4:E03; 2026-Q4:E16; 2026-Q4:E21; 2026-Q4:E22; 2026-Q4:U15","2026-Q4"
"GCP","GCP","Cloud","Meaning preserved from report: GCP.","report taxonomy","2026-Q4","","GCP","1.0","\bGCP\b","i","false","false","12","87","13.793103448275861","2026-Q4:F01; 2026-Q4:F02; 2026-Q4:F03; 2026-Q4:F05; 2026-Q4:F06; 2026-Q4:F11; 2026-Q4:F19; 2026-Q4:F20; 2026-Q4:F22; 2026-Q4:F24; 2026-Q4:E08; 2026-Q4:U19","2026-Q4"
"DBX","Databricks","Data Platforms","Meaning preserved from report: Databricks.","report taxonomy","2026-Q4","","Databricks","1.0","Databricks","i","false","false","7","87","8.045977011494253","2026-Q4:F04; 2026-Q4:F09; 2026-Q4:F13; 2026-Q4:F22; 2026-Q4:F24; 2026-Q4:F29; 2026-Q4:E05","2026-Q4"
"IAC","infrastructure as code","Deployment & Infrastructure","Meaning preserved from report: infrastructure as code.","report taxonomy","2026-Q4","","infrastructure as code","1.0","\bIaC\b|Terraform|infrastructure as code","i","false","false","7","87","8.045977011494253","2026-Q4:F01; 2026-Q4:F04; 2026-Q4:F23; 2026-Q4:F24; 2026-Q4:E16; 2026-Q4:E21; 2026-Q4:E22","2026-Q4"
"DIST","distributed systems","Deployment & Infrastructure","Meaning preserved from report: distributed systems.","report taxonomy","2026-Q4","","distributed systems","1.0","distributed","i","false","false","6","87","6.896551724137931","2026-Q4:E18; 2026-Q4:U05; 2026-Q4:U07; 2026-Q4:U15; 2026-Q4:U19; 2026-Q4:U21","2026-Q4"
"SPARK","Spark / PySpark","Framework / Tool","Explicit text only; explicit-text extension.","explicit-text extension","2026-Q4","","Spark / PySpark","1.0","\b(?:Py)?Spark\b","i","true","false","6","87","6.896551724137931","2026-Q4:F29; 2026-Q4:E08; 2026-Q4:E09; 2026-Q4:E10; 2026-Q4:E16; 2026-Q4:E24","2026-Q4"
"DKR","Docker","Deployment & Infrastructure","Meaning preserved from report: Docker.","report taxonomy","2026-Q4","","Docker","1.0","Docker","i","false","false","5","87","5.747126436781609","2026-Q4:F02; 2026-Q4:F13; 2026-Q4:F20; 2026-Q4:E16; 2026-Q4:U15","2026-Q4"
"DBT","dbt","Framework / Tool","Explicit text only; explicit-text extension.","explicit-text extension","2026-Q4","","dbt","1.0","\bdbt\b","i","true","false","4","87","4.597701149425287","2026-Q4:F09; 2026-Q4:E05; 2026-Q4:E10; 2026-Q4:E16","2026-Q4"
"PYTORCH","PyTorch","Framework / Tool","Explicit text only; explicit-text extension.","explicit-text extension","2026-Q4","","PyTorch","1.0","PyTorch","i","true","false","4","87","4.597701149425287","2026-Q4:E12; 2026-Q4:U06; 2026-Q4:U07; 2026-Q4:U17","2026-Q4"
"SNOW","Snowflake","Data Platforms","Meaning preserved from report: Snowflake.","report taxonomy","2026-Q4","","Snowflake","1.0","Snowflake","i","false","false","4","87","4.597701149425287","2026-Q4:F09; 2026-Q4:F13; 2026-Q4:F22; 2026-Q4:E10","2026-Q4"
"K8S","Kubernetes","Deployment & Infrastructure","Meaning preserved from report: Kubernetes.","report taxonomy","2026-Q4","","Kubernetes","1.0","K8s|Kubernetes","i","false","false","3","87","3.4482758620689653","2026-Q4:F02; 2026-Q4:F20; 2026-Q4:U15","2026-Q4"
"R","R","Programming","Explicit text only; appendix code; explicit R text.","appendix code; explicit R text","2026-Q4","","R","1.0","\bPython\/R\b|\bR\b","","true","false","3","87","3.4482758620689653","2026-Q4:E10; 2026-Q4:E24; 2026-Q4:U24","2026-Q4"
"TENSORFLOW","TensorFlow","Framework / Tool","Explicit text only; explicit-text extension.","explicit-text extension","2026-Q4","","TensorFlow","1.0","TensorFlow","i","true","false","1","87","1.1494252873563218","2026-Q4:U07","2026-Q4"
"LANGCHAIN","LangChain","Framework / Tool","Explicit text only; explicit-text extension.","explicit-text extension","2026-Q4","","LangChain","1.0","LangChain","i","true","false","0","87","0","","2026-Q4"
"LANGGRAPH","LangGraph","Framework / Tool","Explicit text only; explicit-text extension.","explicit-text extension","2026-Q4","","LangGraph","1.0","LangGraph","i","true","false","0","87","0","","2026-Q4"
"LLAMAINDEX","LlamaIndex","Framework / Tool","Explicit text only; explicit-text extension.","explicit-text extension","2026-Q4","","LlamaIndex","1.0","LlamaIndex","i","true","false","0","87","0","","2026-Q4"
"SEMANTIC","Semantic Kernel","Framework / Tool","Explicit text only; explicit-text extension.","explicit-text extension","2026-Q4","","Semantic Kernel","1.0","Semantic Kernel","i","true","false","0","87","0","","2026-Q4"
