"label","skill_codes","count","denominator","percentage","job_ids","snapshot_id"
"ML + SWE","ML; SWE","29","87","33.333333333333336","2026-Q4:F01; 2026-Q4:F05; 2026-Q4:F07; 2026-Q4:F08; 2026-Q4:F14; 2026-Q4:F16; 2026-Q4:F17; 2026-Q4:F21; 2026-Q4:E01; 2026-Q4:E04; 2026-Q4:E06; 2026-Q4:E07; 2026-Q4:E08; 2026-Q4:E16; 2026-Q4:E19; 2026-Q4:E20; 2026-Q4:U01; 2026-Q4:U04; 2026-Q4:U05; 2026-Q4:U10; 2026-Q4:U11; 2026-Q4:U12; 2026-Q4:U14; 2026-Q4:U16; 2026-Q4:U22; 2026-Q4:U25; 2026-Q4:U28; 2026-Q4:U29; 2026-Q4:U31","2026-Q4"
"GEN + AGT","GEN; AGT","19","87","21.839080459770116","2026-Q4:F02; 2026-Q4:F03; 2026-Q4:F07; 2026-Q4:F11; 2026-Q4:F12; 2026-Q4:F24; 2026-Q4:F25; 2026-Q4:F26; 2026-Q4:F27; 2026-Q4:E10; 2026-Q4:E21; 2026-Q4:E22; 2026-Q4:U01; 2026-Q4:U07; 2026-Q4:U09; 2026-Q4:U17; 2026-Q4:U18; 2026-Q4:U22; 2026-Q4:U26","2026-Q4"
"GEN + API","GEN; API","14","87","16.091954022988507","2026-Q4:F02; 2026-Q4:F03; 2026-Q4:F12; 2026-Q4:F25; 2026-Q4:F27; 2026-Q4:E02; 2026-Q4:E22; 2026-Q4:U05; 2026-Q4:U10; 2026-Q4:U14; 2026-Q4:U16; 2026-Q4:U22; 2026-Q4:U25; 2026-Q4:U26","2026-Q4"
"PY + CLOUD","PY; CLOUD","13","87","14.942528735632184","2026-Q4:F01; 2026-Q4:F02; 2026-Q4:F03; 2026-Q4:F04; 2026-Q4:F05; 2026-Q4:F13; 2026-Q4:F19; 2026-Q4:F20; 2026-Q4:F24; 2026-Q4:F25; 2026-Q4:E23; 2026-Q4:U05; 2026-Q4:U21","2026-Q4"
"SWE + CLOUD","SWE; CLOUD","13","87","14.942528735632184","2026-Q4:F01; 2026-Q4:F02; 2026-Q4:F03; 2026-Q4:F05; 2026-Q4:F20; 2026-Q4:F25; 2026-Q4:E03; 2026-Q4:E18; 2026-Q4:E21; 2026-Q4:U05; 2026-Q4:U19; 2026-Q4:U21; 2026-Q4:U23","2026-Q4"
"PY + SQL","PY; SQL","13","87","14.942528735632184","2026-Q4:F01; 2026-Q4:F13; 2026-Q4:F27; 2026-Q4:F29; 2026-Q4:E08; 2026-Q4:E09; 2026-Q4:E10; 2026-Q4:E11; 2026-Q4:E17; 2026-Q4:E23; 2026-Q4:E24; 2026-Q4:U22; 2026-Q4:U24","2026-Q4"
"GEN + RAG","GEN; RAG","12","87","13.793103448275861","2026-Q4:F02; 2026-Q4:F07; 2026-Q4:F11; 2026-Q4:F12; 2026-Q4:F24; 2026-Q4:F26; 2026-Q4:F27; 2026-Q4:E21; 2026-Q4:E22; 2026-Q4:U01; 2026-Q4:U22; 2026-Q4:U26","2026-Q4"
"AGT + EVAL","AGT; EVAL","12","87","13.793103448275861","2026-Q4:F02; 2026-Q4:F03; 2026-Q4:F11; 2026-Q4:F12; 2026-Q4:F19; 2026-Q4:F24; 2026-Q4:F26; 2026-Q4:E22; 2026-Q4:U01; 2026-Q4:U09; 2026-Q4:U12; 2026-Q4:U26","2026-Q4"
"AGT + OBS","AGT; OBS","10","87","11.494252873563218","2026-Q4:F03; 2026-Q4:F18; 2026-Q4:F19; 2026-Q4:F20; 2026-Q4:F26; 2026-Q4:F27; 2026-Q4:U07; 2026-Q4:U09; 2026-Q4:U12; 2026-Q4:U26","2026-Q4"
"DE + CLOUD","DE; CLOUD","9","87","10.344827586206897","2026-Q4:F03; 2026-Q4:F04; 2026-Q4:F05; 2026-Q4:F11; 2026-Q4:E18; 2026-Q4:E23; 2026-Q4:U05; 2026-Q4:U19; 2026-Q4:U23","2026-Q4"
"AGT + SEC","AGT; SEC","9","87","10.344827586206897","2026-Q4:F02; 2026-Q4:F24; 2026-Q4:F25; 2026-Q4:F26; 2026-Q4:E21; 2026-Q4:E22; 2026-Q4:U18; 2026-Q4:U19; 2026-Q4:U26","2026-Q4"
"GEN + RAG + EVAL","GEN; RAG; EVAL","8","87","9.195402298850574","2026-Q4:F02; 2026-Q4:F11; 2026-Q4:F12; 2026-Q4:F24; 2026-Q4:F26; 2026-Q4:E22; 2026-Q4:U01; 2026-Q4:U26","2026-Q4"
"AGT + TOOL","AGT; TOOL","5","87","5.747126436781609","2026-Q4:F03; 2026-Q4:F11; 2026-Q4:F12; 2026-Q4:F20; 2026-Q4:F26","2026-Q4"
"ML + CLOUD + MLOPS","ML; CLOUD; MLOPS","2","87","2.2988505747126435","2026-Q4:F05; 2026-Q4:F13","2026-Q4"
