"label","skill_codes","count","denominator","percentage","job_ids"
"ML + SWE","ML; SWE","29","87","33.333333333333336","F01; F05; F07; F08; F14; F16; F17; F21; E01; E04; E06; E07; E08; E16; E19; E20; U01; U04; U05; U10; U11; U12; U14; U16; U22; U25; U28; U29; U31"
"GEN + AGT","GEN; AGT","19","87","21.839080459770116","F02; F03; F07; F11; F12; F24; F25; F26; F27; E10; E21; E22; U01; U07; U09; U17; U18; U22; U26"
"GEN + API","GEN; API","14","87","16.091954022988507","F02; F03; F12; F25; F27; E02; E22; U05; U10; U14; U16; U22; U25; U26"
"PY + CLOUD","PY; CLOUD","13","87","14.942528735632184","F01; F02; F03; F04; F05; F13; F19; F20; F24; F25; E23; U05; U21"
"SWE + CLOUD","SWE; CLOUD","13","87","14.942528735632184","F01; F02; F03; F05; F20; F25; E03; E18; E21; U05; U19; U21; U23"
"PY + SQL","PY; SQL","13","87","14.942528735632184","F01; F13; F27; F29; E08; E09; E10; E11; E17; E23; E24; U22; U24"
"GEN + RAG","GEN; RAG","12","87","13.793103448275861","F02; F07; F11; F12; F24; F26; F27; E21; E22; U01; U22; U26"
"AGT + EVAL","AGT; EVAL","12","87","13.793103448275861","F02; F03; F11; F12; F19; F24; F26; E22; U01; U09; U12; U26"
"AGT + OBS","AGT; OBS","10","87","11.494252873563218","F03; F18; F19; F20; F26; F27; U07; U09; U12; U26"
"DE + CLOUD","DE; CLOUD","9","87","10.344827586206897","F03; F04; F05; F11; E18; E23; U05; U19; U23"
"AGT + SEC","AGT; SEC","9","87","10.344827586206897","F02; F24; F25; F26; E21; E22; U18; U19; U26"
"GEN + RAG + EVAL","GEN; RAG; EVAL","8","87","9.195402298850574","F02; F11; F12; F24; F26; E22; U01; U26"
"AGT + TOOL","AGT; TOOL","5","87","5.747126436781609","F03; F11; F12; F20; F26"
"ML + CLOUD + MLOPS","ML; CLOUD; MLOPS","2","87","2.2988505747126435","F05; F13"
