"skill_code","skill_name","origin","skill_group","description","count","denominator","percentage","job_ids"
"PY","Python","report taxonomy","Programming","Meaning preserved from report: Python.","43","87","49.42528735632184","F01; F02; F03; F04; F05; F06; F13; F18; F19; F20; F23; F24; F25; F26; F27; F28; F29; E01; E08; E09; E10; E11; E12; E14; E15; E16; E17; E22; E23; E24; U01; U02; U05; U06; U12; U13; U14; U15; U17; U21; U22; U24; U25"
"AWS","AWS","report taxonomy","Cloud","Meaning preserved from report: AWS.","21","87","24.137931034482758","F01; F02; F03; F04; F05; F06; F11; F13; F18; F19; F20; F22; F23; F24; F26; E05; E16; U04; U05; U19; U25"
"CLOUD","Generic cloud (explicit text)","explicit-text extension","Cloud","Explicit text only; explicit-text extension.","19","87","21.839080459770116","F01; F02; F03; F04; F05; F11; F13; F19; F20; F24; F25; E03; E18; E21; E23; U05; U19; U21; U23"
"AZ","Azure","report taxonomy","Cloud","Meaning preserved from report: Azure.","15","87","17.24137931034483","F01; F02; F03; F04; F11; F13; F18; F19; F20; F22; F23; F24; F27; F29; U19"
"CICD","CI/CD","report taxonomy","Deployment & Infrastructure","Meaning preserved from report: CI/CD.","15","87","17.24137931034483","F02; F04; F13; F18; F20; F23; F24; F26; F27; F29; E03; E16; E21; E22; U15"
"GCP","GCP","report taxonomy","Cloud","Meaning preserved from report: GCP.","12","87","13.793103448275861","F01; F02; F03; F05; F06; F11; F19; F20; F22; F24; E08; U19"
"DBX","Databricks","report taxonomy","Data Platforms","Meaning preserved from report: Databricks.","7","87","8.045977011494253","F04; F09; F13; F22; F24; F29; E05"
"IAC","infrastructure as code","report taxonomy","Deployment & Infrastructure","Meaning preserved from report: infrastructure as code.","7","87","8.045977011494253","F01; F04; F23; F24; E16; E21; E22"
"DIST","distributed systems","report taxonomy","Deployment & Infrastructure","Meaning preserved from report: distributed systems.","6","87","6.896551724137931","E18; U05; U07; U15; U19; U21"
"SPARK","Spark / PySpark","explicit-text extension","Framework / Tool","Explicit text only; explicit-text extension.","6","87","6.896551724137931","F29; E08; E09; E10; E16; E24"
"DKR","Docker","report taxonomy","Deployment & Infrastructure","Meaning preserved from report: Docker.","5","87","5.747126436781609","F02; F13; F20; E16; U15"
"DBT","dbt","explicit-text extension","Framework / Tool","Explicit text only; explicit-text extension.","4","87","4.597701149425287","F09; E05; E10; E16"
"PYTORCH","PyTorch","explicit-text extension","Framework / Tool","Explicit text only; explicit-text extension.","4","87","4.597701149425287","E12; U06; U07; U17"
"SNOW","Snowflake","report taxonomy","Data Platforms","Meaning preserved from report: Snowflake.","4","87","4.597701149425287","F09; F13; F22; E10"
"K8S","Kubernetes","report taxonomy","Deployment & Infrastructure","Meaning preserved from report: Kubernetes.","3","87","3.4482758620689653","F02; F20; U15"
"R","R","appendix code; explicit R text","Programming","Explicit text only; appendix code; explicit R text.","3","87","3.4482758620689653","E10; E24; U24"
"TENSORFLOW","TensorFlow","explicit-text extension","Framework / Tool","Explicit text only; explicit-text extension.","1","87","1.1494252873563218","U07"
"LANGCHAIN","LangChain","explicit-text extension","Framework / Tool","Explicit text only; explicit-text extension.","0","87","0",""
"LANGGRAPH","LangGraph","explicit-text extension","Framework / Tool","Explicit text only; explicit-text extension.","0","87","0",""
"LLAMAINDEX","LlamaIndex","explicit-text extension","Framework / Tool","Explicit text only; explicit-text extension.","0","87","0",""
"SEMANTIC","Semantic Kernel","explicit-text extension","Framework / Tool","Explicit text only; explicit-text extension.","0","87","0",""
